c,o,u,n,t,r,y
a,l,m,o,n,d
a,n,g,e,l,i,c,a
a,n,i,s,e
a,n,i,s,e,_,s,e,e,d
a,p,p,l,e
a,p,p,l,e,_,b,r,a,n,d,y
a,p,r,i,c,o,t
a,r,m,a,g,n,a,c
a,r,t,e,m,i,s,i,a
a,r,t,i,c,h,o,k,e
a,s,p,a,r,a,g,u,s
a,v,o,c,a,d,o
b,a,c,o,n
b,a,k,e,d,_,p,o,t,a,t,o
b,a,l,m
b,a,n,a,n,a
b,a,r,l,e,y
b,a,r,t,l,e,t,t,_,p,e,a,r
b,a,s,i,l
b,a,y
b,e,a,n
b,e,e,c,h
b,e,e,f
b,e,e,f,_,b,r,o,t,h
b,e,e,f,_,l,i,v,e,r
b,e,e,r
b,e,e,t
b,e,l,l,_,p,e,p,p,e,r
b,e,r,g,a,m,o,t
b,e,r,r,y
b,i,t,t,e,r,_,o,r,a,n,g,e
b,l,a,c,k,_,b,e,a,n
b,l,a,c,k,_,c,u,r,r,a,n,t
b,l,a,c,k,_,m,u,s,t,a,r,d,_,s,e,e,d,_,o,i,l
b,l,a,c,k,_,p,e,p,p,e,r
b,l,a,c,k,_,r,a,s,p,b,e,r,r,y
b,l,a,c,k,_,s,e,s,a,m,e,_,s,e,e,d
b,l,a,c,k,_,t,e,a
b,l,a,c,k,b,e,r,r,y
b,l,a,c,k,b,e,r,r,y,_,b,r,a,n,d,y
b,l,u,e,_,c,h,e,e,s,e
b,l,u,e,b,e,r,r,y
b,o,n,e,_,o,i,l
b,o,u,r,b,o,n,_,w,h,i,s,k,e,y
b,r,a,n,d,y
b,r,a,s,s,i,c,a
b,r,e,a,d
b,r,o,c,c,o,l,i
b,r,o,w,n,_,r,i,c,e
b,r,u,s,s,e,l,s,_,s,p,r,o,u,t
b,u,c,k,w,h,e,a,t
b,u,t,t,e,r
b,u,t,t,e,r,m,i,l,k
c,a,b,b,a,g,e
c,a,b,e,r,n,e,t,_,s,a,u,v,i,g,n,o,n,_,w,i,n,e
c,a,c,a,o
c,a,m,e,m,b,e,r,t,_,c,h,e,e,s,e
c,a,n,e,_,m,o,l,a,s,s,e,s
c,a,r,a,w,a,y
c,a,r,d,a,m,o,m
c,a,r,n,a,t,i,o,n
c,a,r,o,b
c,a,r,r,o,t
c,a,s,h,e,w
c,a,s,s,a,v,a
c,a,t,f,i,s,h
c,a,u,l,i,f,l,o,w,e,r
c,a,v,i,a,r
c,a,y,e,n,n,e
c,e,l,e,r,y
c,e,l,e,r,y,_,o,i,l
c,e,r,e,a,l
c,h,a,m,o,m,i,l,e
c,h,a,m,p,a,g,n,e,_,w,i,n,e
c,h,a,y,o,t,e
c,h,e,d,d,a,r,_,c,h,e,e,s,e
c,h,e,e,s,e
c,h,e,r,r,y
c,h,e,r,r,y,_,b,r,a,n,d,y
c,h,e,r,v,i,l
c,h,i,c,k,e,n
c,h,i,c,k,e,n,_,b,r,o,t,h
c,h,i,c,k,e,n,_,l,i,v,e,r
c,h,i,c,k,p,e,a
c,h,i,c,o,r,y
c,h,i,n,e,s,e,_,c,a,b,b,a,g,e
c,h,i,v,e
c,i,d,e,r
c,i,l,a,n,t,r,o
c,i,n,n,a,m,o,n
c,i,t,r,u,s
c,i,t,r,u,s,_,p,e,e,l
c,l,a,m
c,l,o,v,e
c,o,c,o,a
c,o,c,o,n,u,t
c,o,c,o,n,u,t,_,o,i,l
c,o,d
c,o,f,f,e,e
c,o,g,n,a,c
c,o,n,c,o,r,d,_,g,r,a,p,e
c,o,n,d,i,m,e,n,t
c,o,r,i,a,n,d,e,r
c,o,r,n
c,o,r,n,_,f,l,a,k,e
c,o,r,n,_,g,r,i,t
c,o,t,t,a,g,e,_,c,h,e,e,s,e
c,r,a,b
c,r,a,n,b,e,r,r,y
c,r,e,a,m
c,r,e,a,m,_,c,h,e,e,s,e
c,u,c,u,m,b,e,r
c,u,m,i,n
c,u,r,e,d,_,p,o,r,k
c,u,r,r,a,n,t
d,a,t,e
d,i,l,l
d,u,r,i,a,n
e,e,l
e,g,g
e,g,g,_,n,o,o,d,l,e
e,l,d,e,r,b,e,r,r,y
e,m,m,e,n,t,a,l,_,c,h,e,e,s,e
e,n,d,i,v,e
e,n,o,k,i,d,a,k,e
f,e,n,n,e,l
f,e,n,u,g,r,e,e,k
f,e,t,a,_,c,h,e,e,s,e
f,i,g
f,i,s,h
f,l,o,w,e,r
f,r,a,n,k,f,u,r,t,e,r
f,r,u,i,t
g,a,l,a,n,g,a
g,a,r,d,e,n,i,a
g,a,r,l,i,c
g,e,l,a,t,i,n
g,e,r,a,n,i,u,m
g,i,n
g,i,n,g,e,r
g,o,a,t,_,c,h,e,e,s,e
g,r,a,p,e
g,r,a,p,e,_,b,r,a,n,d,y
g,r,a,p,e,_,j,u,i,c,e
g,r,a,p,e,f,r,u,i,t
g,r,e,e,n,_,b,e,l,l,_,p,e,p,p,e,r
g,r,e,e,n,_,t,e,a
g,r,u,y,e,r,e,_,c,h,e,e,s,e
g,u,a,v,a
h,a,d,d,o,c,k
h,a,m
h,a,z,e,l,n,u,t
h,e,r,r,i,n,g
h,o,l,y,_,b,a,s,i,l
h,o,n,e,y
h,o,p
h,o,r,s,e,r,a,d,i,s,h
h,u,c,k,l,e,b,e,r,r,y
j,a,m,a,i,c,a,n,_,r,u,m
j,a,p,a,n,e,s,e,_,p,l,u,m
j,a,s,m,i,n,e
j,a,s,m,i,n,e,_,t,e,a
j,u,n,i,p,e,r,_,b,e,r,r,y
k,a,f,f,i,r,_,l,i,m,e
k,a,l,e
k,a,t,s,u,o,b,u,s,h,i
k,e,l,p
k,i,d,n,e,y,_,b,e,a,n
k,i,w,i
k,o,h,l,r,a,b,i
k,u,m,q,u,a,t
l,a,m,b
l,a,r,d
l,a,u,r,e,l
l,a,v,e,n,d,e,r
l,e,a,f
l,e,e,k
l,e,m,o,n
l,e,m,o,n,_,j,u,i,c,e
l,e,m,o,n,_,p,e,e,l
l,e,m,o,n,g,r,a,s,s
l,e,n,t,i,l
l,e,t,t,u,c,e
l,i,c,o,r,i,c,e
l,i,l,a,c,_,f,l,o,w,e,r,_,o,i,l
l,i,m,a,_,b,e,a,n
l,i,m,e
l,i,m,e,_,j,u,i,c,e
l,i,m,e,_,p,e,e,l,_,o,i,l
l,i,n,g,o,n,b,e,r,r,y
l,i,t,c,h,i
l,i,v,e,r
l,o,b,s,t,e,r
l,o,n,g,_,p,e,p,p,e,r
l,o,v,a,g,e
m,a,c,a,d,a,m,i,a,_,n,u,t
m,a,c,a,r,o,n,i
m,a,c,e
m,a,c,k,e,r,e,l
m,a,l,t
m,a,n,d,a,r,i,n
m,a,n,d,a,r,i,n,_,p,e,e,l
m,a,n,g,o
m,a,p,l,e,_,s,y,r,u,p
m,a,r,j,o,r,a,m
m,a,t,e
m,a,t,s,u,t,a,k,e
m,e,a,t
m,e,l,o,n
m,i,l,k
m,i,l,k,_,f,a,t
m,i,n,t
m,o,z,z,a,r,e,l,l,a,_,c,h,e,e,s,e
m,u,n,g,_,b,e,a,n
m,u,n,s,t,e,r,_,c,h,e,e,s,e
m,u,s,c,a,t,_,g,r,a,p,e
m,u,s,h,r,o,o,m
m,u,s,s,e,l
m,u,s,t,a,r,d
m,u,t,t,o,n
n,e,c,t,a,r,i,n,e
n,i,r,a
n,u,t
n,u,t,m,e,g
o,a,t
o,a,t,m,e,a,l
o,c,t,o,p,u,s
o,k,r,a
o,l,i,v,e
o,l,i,v,e,_,o,i,l
o,n,i,o,n
o,r,a,n,g,e
o,r,a,n,g,e,_,f,l,o,w,e,r
o,r,a,n,g,e,_,j,u,i,c,e
o,r,a,n,g,e,_,p,e,e,l
o,r,e,g,a,n,o
o,u,z,o
o,y,s,t,e,r
p,a,l,m
p,a,p,a,y,a
p,a,r,m,e,s,a,n,_,c,h,e,e,s,e
p,a,r,s,l,e,y
p,a,r,s,n,i,p
p,a,s,s,i,o,n,_,f,r,u,i,t
p,e,a
p,e,a,c,h
p,e,a,n,u,t
p,e,a,n,u,t,_,b,u,t,t,e,r
p,e,a,n,u,t,_,o,i,l
p,e,a,r
p,e,a,r,_,b,r,a,n,d,y
p,e,c,a,n
p,e,l,a,r,g,o,n,i,u,m
p,e,p,p,e,r
p,e,p,p,e,r,m,i,n,t
p,e,p,p,e,r,m,i,n,t,_,o,i,l
p,i,m,e,n,t,a
p,i,m,e,n,t,o
p,i,n,e,a,p,p,l,e
p,i,s,t,a,c,h,i,o
p,l,u,m
p,o,p,c,o,r,n
p,o,r,c,i,n,i
p,o,r,k
p,o,r,k,_,l,i,v,e,r
p,o,r,k,_,s,a,u,s,a,g,e
p,o,r,t,_,w,i,n,e
p,o,t,a,t,o
p,o,t,a,t,o,_,c,h,i,p
p,r,a,w,n
p,r,i,c,k,l,y,_,p,e,a,r
p,r,o,v,o,l,o,n,e,_,c,h,e,e,s,e
p,u,m,p,k,i,n
q,u,i,n,c,e
r,a,d,i,s,h
r,a,i,s,i,n
r,a,p,e,s,e,e,d
r,a,s,p,b,e,r,r,y
r,a,w,_,b,e,e,f
r,e,d,_,a,l,g,a,e
r,e,d,_,b,e,a,n
r,e,d,_,k,i,d,n,e,y,_,b,e,a,n
r,e,d,_,w,i,n,e
r,h,u,b,a,r,b
r,i,c,e
r,o,a,s,t,e,d,_,a,l,m,o,n,d
r,o,a,s,t,e,d,_,b,e,e,f
r,o,a,s,t,e,d,_,h,a,z,e,l,n,u,t
r,o,a,s,t,e,d,_,m,e,a,t
r,o,a,s,t,e,d,_,n,u,t
r,o,a,s,t,e,d,_,p,e,a,n,u,t
r,o,a,s,t,e,d,_,p,e,c,a,n
r,o,a,s,t,e,d,_,p,o,r,k
r,o,a,s,t,e,d,_,s,e,s,a,m,e,_,s,e,e,d
r,o,m,a,n,o,_,c,h,e,e,s,e
r,o,o,t
r,o,q,u,e,f,o,r,t,_,c,h,e,e,s,e
r,o,s,e
r,o,s,e,m,a,r,y
r,u,m
r,u,t,a,b,a,g,a
r,y,e,_,b,r,e,a,d
r,y,e,_,f,l,o,u,r
s,a,f,f,r,o,n
s,a,g,e
s,a,k,e
s,a,l,m,o,n
s,a,l,m,o,n,_,r,o,e
s,a,s,s,a,f,r,a,s
s,a,u,e,r,k,r,a,u,t
s,a,v,o,r,y
s,c,a,l,l,i,o,n
s,c,a,l,l,o,p
s,e,a,_,a,l,g,a,e
s,e,a,w,e,e,d
s,e,e,d
s,e,s,a,m,e,_,o,i,l
s,e,s,a,m,e,_,s,e,e,d
s,h,a,l,l,o,t
s,h,e,e,p,_,c,h,e,e,s,e
s,h,e,l,l,f,i,s,h
s,h,e,r,r,y
s,h,i,i,t,a,k,e
s,h,r,i,m,p
s,m,o,k,e
s,m,o,k,e,d,_,f,i,s,h
s,m,o,k,e,d,_,s,a,l,m,o,n
s,m,o,k,e,d,_,s,a,u,s,a,g,e
s,o,u,r,_,c,h,e,r,r,y
s,o,u,r,_,m,i,l,k
s,o,y,_,s,a,u,c,e
s,o,y,b,e,a,n
s,o,y,b,e,a,n,_,o,i,l
s,p,e,a,r,m,i,n,t
s,q,u,a,s,h
s,q,u,i,d
s,t,a,r,_,a,n,i,s,e
s,t,a,r,c,h
s,t,r,a,w,b,e,r,r,y
s,t,r,a,w,b,e,r,r,y,_,j,a,m
s,t,r,a,w,b,e,r,r,y,_,j,u,i,c,e
s,t,u,r,g,e,o,n,_,c,a,v,i,a,r
s,u,m,a,c
s,u,n,f,l,o,w,e,r,_,o,i,l
s,w,e,e,t,_,p,o,t,a,t,o
s,w,i,s,s,_,c,h,e,e,s,e
t,a,b,a,s,c,o,_,p,e,p,p,e,r
t,a,m,a,r,i,n,d
t,a,n,g,e,r,i,n,e
t,a,r,r,a,g,o,n
t,e,a
t,e,q,u,i,l,a
t,h,a,i,_,p,e,p,p,e,r
t,h,y,m,e
t,o,m,a,t,o
t,o,m,a,t,o,_,j,u,i,c,e
t,r,u,f,f,l,e
t,u,n,a
t,u,r,k,e,y
t,u,r,m,e,r,i,c
t,u,r,n,i,p
v,a,n,i,l,l,a
v,e,a,l
v,e,g,e,t,a,b,l,e
v,e,g,e,t,a,b,l,e,_,o,i,l
v,i,n,e,g,a,r
v,i,o,l,e,t
w,a,l,n,u,t
w,a,s,a,b,i
w,a,t,e,r,c,r,e,s,s
w,a,t,e,r,m,e,l,o,n
w,h,e,a,t
w,h,e,a,t,_,b,r,e,a,d
w,h,i,s,k,e,y
w,h,i,t,e,_,b,r,e,a,d
w,h,i,t,e,_,w,i,n,e
w,h,o,l,e,_,g,r,a,i,n,_,w,h,e,a,t,_,f,l,o,u,r
w,i,n,e
w,o,o,d
y,a,m
y,e,a,s,t
y,o,g,u,r,t
z,u,c,c,h,i,n,i
